{"cameraMode":{"drawMode":0,"name":"Shaded","section":"Shading Mode"},"sceneLighting":false,"audioPlay":false,"sceneViewState":{"showFog":true,"showMaterialUpdate":false,"showSkybox":true,"showFlares":true,"showImageEffects":true,"showParticleSystems":true,"showVisualEffectGraphs":true,"m_FxEnabled":true},"in2DMode":false,"pivot":{"x":0.40229475498199465,"y":0.889961838722229,"z":-7.117612838745117},"rotation":{"x":-0.21891093254089356,"y":0.03277193754911423,"z":-0.007402548100799322,"w":-0.9752450585365295},"size":0.6582061648368836,"orthographic":false}