{"cameraMode":{"drawMode":0,"name":"Shaded","section":"Shading Mode"},"sceneLighting":false,"audioPlay":false,"sceneViewState":{"showFog":true,"showMaterialUpdate":false,"showSkybox":true,"showFlares":true,"showImageEffects":true,"showParticleSystems":true,"showVisualEffectGraphs":true,"m_FxEnabled":true},"in2DMode":false,"pivot":{"x":0.5225493907928467,"y":0.5275139808654785,"z":-6.677359104156494},"rotation":{"x":-0.29582348465919497,"y":0.22030755877494813,"z":-0.07079226523637772,"w":-0.9270364046096802},"size":0.3134166896343231,"orthographic":false}