{"cameraMode":{"drawMode":0,"name":"Shaded","section":"Shading Mode"},"sceneLighting":false,"audioPlay":false,"sceneViewState":{"showFog":true,"showMaterialUpdate":false,"showSkybox":true,"showFlares":true,"showImageEffects":true,"showParticleSystems":true,"showVisualEffectGraphs":true,"m_FxEnabled":true},"in2DMode":false,"pivot":{"x":0.4384646713733673,"y":1.1429777145385743,"z":-7.128575325012207},"rotation":{"x":0.14611245691776277,"y":-0.06967823952436447,"z":0.010400841943919659,"w":0.9868325591087341},"size":0.3582061529159546,"orthographic":false}