{"cameraMode":{"drawMode":0,"name":"Shaded","section":"Shading Mode"},"sceneLighting":false,"audioPlay":false,"sceneViewState":{"showFog":true,"showMaterialUpdate":false,"showSkybox":true,"showFlares":true,"showImageEffects":true,"showParticleSystems":true,"showVisualEffectGraphs":true,"m_FxEnabled":true},"in2DMode":false,"pivot":{"x":-0.7877018451690674,"y":-0.032607197761535647,"z":-4.677164077758789},"rotation":{"x":0.1682247519493103,"y":-0.1487639844417572,"z":0.025860432535409929,"w":0.9743188619613648},"size":1.5582060813903809,"orthographic":false}