{"cameraMode":{"drawMode":0,"name":"Shaded","section":"Shading Mode"},"sceneLighting":false,"audioPlay":false,"sceneViewState":{"showFog":true,"showMaterialUpdate":false,"showSkybox":true,"showFlares":true,"showImageEffects":true,"showParticleSystems":true,"showVisualEffectGraphs":true,"m_FxEnabled":true},"in2DMode":false,"pivot":{"x":0.061139460653066638,"y":0.977400004863739,"z":-7.133604526519775},"rotation":{"x":0.08985655009746552,"y":-0.0284222774207592,"z":0.0027152381371706726,"w":0.9957573413848877},"size":0.41227057576179507,"orthographic":false}