{"cameraMode":{"drawMode":0,"name":"Shaded","section":"Shading Mode"},"sceneLighting":false,"audioPlay":false,"sceneViewState":{"showFog":true,"showMaterialUpdate":false,"showSkybox":true,"showFlares":true,"showImageEffects":true,"showParticleSystems":true,"showVisualEffectGraphs":true,"m_FxEnabled":true},"in2DMode":false,"pivot":{"x":0.5550953149795532,"y":0.4117201864719391,"z":-6.449127197265625},"rotation":{"x":0.16981305181980134,"y":-0.22835955023765565,"z":0.04076971113681793,"w":0.9580121636390686},"size":0.3134166896343231,"orthographic":false}