{"cameraMode":{"drawMode":0,"name":"Shaded","section":"Shading Mode"},"sceneLighting":false,"audioPlay":false,"sceneViewState":{"showFog":true,"showMaterialUpdate":false,"showSkybox":true,"showFlares":true,"showImageEffects":true,"showParticleSystems":true,"showVisualEffectGraphs":true,"m_FxEnabled":true},"in2DMode":false,"pivot":{"x":1.2464048862457276,"y":1.2085927724838257,"z":-9.165210723876954},"rotation":{"x":0.0052903578616678719,"y":-0.9945018291473389,"z":0.06575465947389603,"w":0.08399753272533417},"size":0.3134166896343231,"orthographic":false}